{"v":"5.5.3","fr":30,"ip":0,"op":120,"w":800,"h":800,"nm":"Comp 1","ddd":0,"assets":[{"id":"comp_0","layers":[{"ddd":0,"ind":1,"ty":4,"nm":"Shape Layer 4","sr":1,"ks":{"o":{"a":0,"k":100,"ix":11},"r":{"a":0,"k":0,"ix":10},"p":{"a":0,"k":[400,400,0],"ix":2},"a":{"a":0,"k":[0,0,0],"ix":1},"s":{"a":0,"k":[100,100,100],"ix":6}},"ao":0,"shapes":[{"ty":"gr","it":[{"ind":0,"ty":"sh","ix":1,"ks":{"a":0,"k":{"i":[[0,0],[19.529,-16.619],[0,0],[-22,14]],"o":[[0,0],[-19.529,16.619],[0,0],[22,-14]],"v":[[307,-82],[246.529,-70.619],[219,-15],[275,-23]],"c":true},"ix":2},"nm":"Path 1","mn":"ADBE Vector Shape - Group","hd":false},{"ty":"st","c":{"a":0,"k":[0.9607843137254902,0.6431372549019608,0.1450980392156863,1],"ix":3},"o":{"a":0,"k":100,"ix":4},"w":{"a":0,"k":18,"ix":5},"lc":2,"lj":2,"bm":0,"nm":"Stroke 1","mn":"ADBE Vector Graphic - Stroke","hd":false},{"ty":"tr","p":{"a":0,"k":[0,0],"ix":2},"a":{"a":0,"k":[0,0],"ix":1},"s":{"a":0,"k":[100,100],"ix":3},"r":{"a":0,"k":0,"ix":6},"o":{"a":0,"k":100,"ix":7},"sk":{"a":0,"k":0,"ix":4},"sa":{"a":0,"k":0,"ix":5},"nm":"Transform"}],"nm":"Shape 5","np":3,"cix":2,"bm":0,"ix":1,"mn":"ADBE Vector Group","hd":false},{"ty":"gr","it":[{"ind":0,"ty":"sh","ix":1,"ks":{"a":0,"k":{"i":[[0,0],[-39,-8],[0,0],[32.943,7.205]],"o":[[0,0],[39,8],[0,0],[-32.943,-7.205]],"v":[[103,-103],[146,-56],[207,-74],[157.943,-114.795]],"c":true},"ix":2},"nm":"Path 1","mn":"ADBE Vector Shape - Group","hd":false},{"ty":"st","c":{"a":0,"k":[0.9607843137254902,0.6431372549019608,0.1450980392156863,1],"ix":3},"o":{"a":0,"k":100,"ix":4},"w":{"a":0,"k":18,"ix":5},"lc":2,"lj":2,"bm":0,"nm":"Stroke 1","mn":"ADBE Vector Graphic - Stroke","hd":false},{"ty":"tr","p":{"a":0,"k":[0,0],"ix":2},"a":{"a":0,"k":[0,0],"ix":1},"s":{"a":0,"k":[100,100],"ix":3},"r":{"a":0,"k":0,"ix":6},"o":{"a":0,"k":100,"ix":7},"sk":{"a":0,"k":0,"ix":4},"sa":{"a":0,"k":0,"ix":5},"nm":"Transform"}],"nm":"Shape 4","np":3,"cix":2,"bm":0,"ix":2,"mn":"ADBE Vector Group","hd":false},{"ty":"gr","it":[{"ind":0,"ty":"sh","ix":1,"ks":{"a":0,"k":{"i":[[0,0],[11.82,-27.513],[0,0],[-8,14]],"o":[[0,0],[-11.82,27.513],[0,0],[8,-14]],"v":[[243,-243],[184.82,-208.513],[189,-143],[236,-180]],"c":true},"ix":2},"nm":"Path 1","mn":"ADBE Vector Shape - Group","hd":false},{"ty":"st","c":{"a":0,"k":[0.9607843137254902,0.6431372549019608,0.1450980392156863,1],"ix":3},"o":{"a":0,"k":100,"ix":4},"w":{"a":0,"k":18,"ix":5},"lc":2,"lj":2,"bm":0,"nm":"Stroke 1","mn":"ADBE Vector Graphic - Stroke","hd":false},{"ty":"tr","p":{"a":0,"k":[0,0],"ix":2},"a":{"a":0,"k":[0,0],"ix":1},"s":{"a":0,"k":[100,100],"ix":3},"r":{"a":0,"k":0,"ix":6},"o":{"a":0,"k":100,"ix":7},"sk":{"a":0,"k":0,"ix":4},"sa":{"a":0,"k":0,"ix":5},"nm":"Transform"}],"nm":"Shape 3","np":3,"cix":2,"bm":0,"ix":3,"mn":"ADBE Vector Group","hd":false},{"ty":"gr","it":[{"ind":0,"ty":"sh","ix":1,"ks":{"a":0,"k":{"i":[[0,0],[-13,-16],[0,0],[14.124,23.918]],"o":[[0,0],[13,16],[0,0],[-14.124,-23.918]],"v":[[74,-312],[84,-244],[141,-211],[131.124,-276.082]],"c":true},"ix":2},"nm":"Path 1","mn":"ADBE Vector Shape - Group","hd":false},{"ty":"st","c":{"a":0,"k":[0.9607843137254902,0.6431372549019608,0.1450980392156863,1],"ix":3},"o":{"a":0,"k":100,"ix":4},"w":{"a":0,"k":18,"ix":5},"lc":2,"lj":2,"bm":0,"nm":"Stroke 1","mn":"ADBE Vector Graphic - Stroke","hd":false},{"ty":"tr","p":{"a":0,"k":[0,0],"ix":2},"a":{"a":0,"k":[0,0],"ix":1},"s":{"a":0,"k":[100,100],"ix":3},"r":{"a":0,"k":0,"ix":6},"o":{"a":0,"k":100,"ix":7},"sk":{"a":0,"k":0,"ix":4},"sa":{"a":0,"k":0,"ix":5},"nm":"Transform"}],"nm":"Shape 2","np":3,"cix":2,"bm":0,"ix":4,"mn":"ADBE Vector Group","hd":false},{"ty":"gr","it":[{"ind":0,"ty":"sh","ix":1,"ks":{"a":0,"k":{"i":[[0,0],[138,174]],"o":[[0,0],[-138,-174]],"v":[[190,114],[142,-212]],"c":false},"ix":2},"nm":"Path 1","mn":"ADBE Vector Shape - Group","hd":false},{"ty":"st","c":{"a":0,"k":[0.9607843137254902,0.6431372549019608,0.1450980392156863,1],"ix":3},"o":{"a":0,"k":100,"ix":4},"w":{"a":0,"k":18,"ix":5},"lc":2,"lj":2,"bm":0,"nm":"Stroke 1","mn":"ADBE Vector Graphic - Stroke","hd":false},{"ty":"tr","p":{"a":0,"k":[0,0],"ix":2},"a":{"a":0,"k":[0,0],"ix":1},"s":{"a":0,"k":[100,100],"ix":3},"r":{"a":0,"k":0,"ix":6},"o":{"a":0,"k":100,"ix":7},"sk":{"a":0,"k":0,"ix":4},"sa":{"a":0,"k":0,"ix":5},"nm":"Transform"}],"nm":"Shape 1","np":3,"cix":2,"bm":0,"ix":5,"mn":"ADBE Vector Group","hd":false},{"ty":"gr","it":[{"d":1,"ty":"el","s":{"a":0,"k":[33,33],"ix":2},"p":{"a":0,"k":[0,0],"ix":3},"nm":"Ellipse Path 1","mn":"ADBE Vector Shape - Ellipse","hd":false},{"ty":"st","c":{"a":0,"k":[0.9607843137254902,0.6431372549019608,0.1450980392156863,1],"ix":3},"o":{"a":0,"k":100,"ix":4},"w":{"a":0,"k":0,"ix":5},"lc":1,"lj":1,"ml":4,"bm":0,"nm":"Stroke 1","mn":"ADBE Vector Graphic - Stroke","hd":false},{"ty":"fl","c":{"a":0,"k":[0.9607843137254902,0.6431372549019608,0.1450980392156863,1],"ix":4},"o":{"a":0,"k":100,"ix":5},"r":1,"bm":0,"nm":"Fill 1","mn":"ADBE Vector Graphic - Fill","hd":false},{"ty":"tr","p":{"a":0,"k":[87.5,30.5],"ix":2},"a":{"a":0,"k":[0,0],"ix":1},"s":{"a":0,"k":[100,100],"ix":3},"r":{"a":0,"k":0,"ix":6},"o":{"a":0,"k":100,"ix":7},"sk":{"a":0,"k":0,"ix":4},"sa":{"a":0,"k":0,"ix":5},"nm":"Transform"}],"nm":"Ellipse 1","np":3,"cix":2,"bm":0,"ix":6,"mn":"ADBE Vector Group","hd":false},{"ty":"tm","s":{"a":0,"k":0,"ix":1},"e":{"a":0,"k":100,"ix":2},"o":{"a":0,"k":0,"ix":3},"m":1,"ix":7,"nm":"Trim Paths 1","mn":"ADBE Vector Filter - Trim","hd":false},{"ty":"tm","s":{"a":0,"k":0,"ix":1},"e":{"a":1,"k":[{"i":{"x":[0.833],"y":[0.833]},"o":{"x":[0.167],"y":[0.167]},"t":0,"s":[0]},{"i":{"x":[0.833],"y":[0.833]},"o":{"x":[0.167],"y":[0.167]},"t":24,"s":[100]},{"i":{"x":[0.833],"y":[0.833]},"o":{"x":[0.167],"y":[0.167]},"t":62,"s":[100]},{"t":86.0000035028518,"s":[0]}],"ix":2},"o":{"a":0,"k":0,"ix":3},"m":1,"ix":8,"nm":"Trim Paths 2","mn":"ADBE Vector Filter - Trim","hd":false}],"ip":0,"op":300.00001221925,"st":0,"bm":0},{"ddd":0,"ind":2,"ty":4,"nm":"Shape Layer 3","sr":1,"ks":{"o":{"a":0,"k":100,"ix":11},"r":{"a":0,"k":0,"ix":10},"p":{"a":0,"k":[400,400,0],"ix":2},"a":{"a":0,"k":[0,0,0],"ix":1},"s":{"a":0,"k":[100,100,100],"ix":6}},"ao":0,"shapes":[{"ty":"gr","it":[{"ind":0,"ty":"sh","ix":1,"ks":{"a":0,"k":{"i":[[-20,-20],[0,0]],"o":[[20,20],[0,0]],"v":[[-13,-43],[36,-15]],"c":false},"ix":2},"nm":"Path 1","mn":"ADBE Vector Shape - Group","hd":false},{"ty":"st","c":{"a":0,"k":[0.9607843137254902,0.6431372549019608,0.1450980392156863,1],"ix":3},"o":{"a":0,"k":100,"ix":4},"w":{"a":0,"k":18,"ix":5},"lc":2,"lj":2,"bm":0,"nm":"Stroke 1","mn":"ADBE Vector Graphic - Stroke","hd":false},{"ty":"tr","p":{"a":0,"k":[0,0],"ix":2},"a":{"a":0,"k":[0,0],"ix":1},"s":{"a":0,"k":[100,100],"ix":3},"r":{"a":0,"k":0,"ix":6},"o":{"a":0,"k":100,"ix":7},"sk":{"a":0,"k":0,"ix":4},"sa":{"a":0,"k":0,"ix":5},"nm":"Transform"}],"nm":"Shape 2","np":3,"cix":2,"bm":0,"ix":1,"mn":"ADBE Vector Group","hd":false},{"ty":"gr","it":[{"ind":0,"ty":"sh","ix":1,"ks":{"a":0,"k":{"i":[[0,0],[6,44],[0,0]],"o":[[0,0],[-23,43],[0,0]],"v":[[-31,-59],[-102,-174],[-134,-39]],"c":false},"ix":2},"nm":"Path 1","mn":"ADBE Vector Shape - Group","hd":false},{"ty":"st","c":{"a":0,"k":[0.9607843137254902,0.6431372549019608,0.1450980392156863,1],"ix":3},"o":{"a":0,"k":100,"ix":4},"w":{"a":0,"k":18,"ix":5},"lc":2,"lj":2,"bm":0,"nm":"Stroke 1","mn":"ADBE Vector Graphic - Stroke","hd":false},{"ty":"tr","p":{"a":0,"k":[0,0],"ix":2},"a":{"a":0,"k":[0,0],"ix":1},"s":{"a":0,"k":[100,100],"ix":3},"r":{"a":0,"k":0,"ix":6},"o":{"a":0,"k":100,"ix":7},"sk":{"a":0,"k":0,"ix":4},"sa":{"a":0,"k":0,"ix":5},"nm":"Transform"}],"nm":"Shape 1","np":3,"cix":2,"bm":0,"ix":2,"mn":"ADBE Vector Group","hd":false},{"ty":"tm","s":{"a":0,"k":0,"ix":1},"e":{"a":1,"k":[{"i":{"x":[0.833],"y":[0.833]},"o":{"x":[0.167],"y":[0.167]},"t":0,"s":[0]},{"i":{"x":[0.833],"y":[0.833]},"o":{"x":[0.167],"y":[0.167]},"t":24,"s":[100]},{"i":{"x":[0.833],"y":[0.833]},"o":{"x":[0.167],"y":[0.167]},"t":62,"s":[100]},{"t":86.0000035028518,"s":[0]}],"ix":2},"o":{"a":0,"k":0,"ix":3},"m":1,"ix":3,"nm":"Trim Paths 1","mn":"ADBE Vector Filter - Trim","hd":false}],"ip":0,"op":300.00001221925,"st":0,"bm":0},{"ddd":0,"ind":3,"ty":4,"nm":"Shape Layer 2","sr":1,"ks":{"o":{"a":0,"k":100,"ix":11},"r":{"a":0,"k":0,"ix":10},"p":{"a":0,"k":[400,400,0],"ix":2},"a":{"a":0,"k":[0,0,0],"ix":1},"s":{"a":0,"k":[100,100,100],"ix":6}},"ao":0,"shapes":[{"ty":"gr","it":[{"ind":0,"ty":"sh","ix":1,"ks":{"a":0,"k":{"i":[[0,0],[-10,11],[-59,3],[0,0],[0,0],[80,-112],[16,1],[32,-29]],"o":[[0,0],[117,288],[52,2],[0,0],[0,0],[-89,101],[-16,-1],[-22.291,20.202]],"v":[[-245,-82],[-216,-171],[92,-31],[165,14],[213,18],[124,135],[-89,212],[-172,238]],"c":false},"ix":2},"nm":"Path 1","mn":"ADBE Vector Shape - Group","hd":false},{"ty":"st","c":{"a":0,"k":[0.9607843137254902,0.6431372549019608,0.1450980392156863,1],"ix":3},"o":{"a":0,"k":100,"ix":4},"w":{"a":0,"k":18,"ix":5},"lc":2,"lj":2,"bm":0,"nm":"Stroke 1","mn":"ADBE Vector Graphic - Stroke","hd":false},{"ty":"tr","p":{"a":0,"k":[0,0],"ix":2},"a":{"a":0,"k":[0,0],"ix":1},"s":{"a":0,"k":[100,100],"ix":3},"r":{"a":0,"k":0,"ix":6},"o":{"a":0,"k":100,"ix":7},"sk":{"a":0,"k":0,"ix":4},"sa":{"a":0,"k":0,"ix":5},"nm":"Transform"}],"nm":"Shape 1","np":3,"cix":2,"bm":0,"ix":1,"mn":"ADBE Vector Group","hd":false},{"ty":"tm","s":{"a":0,"k":0,"ix":1},"e":{"a":1,"k":[{"i":{"x":[0.833],"y":[0.833]},"o":{"x":[0.167],"y":[0.167]},"t":0,"s":[0]},{"i":{"x":[0.833],"y":[0.833]},"o":{"x":[0.167],"y":[0.167]},"t":24,"s":[100]},{"i":{"x":[0.833],"y":[0.833]},"o":{"x":[0.167],"y":[0.167]},"t":62,"s":[100]},{"t":86.0000035028518,"s":[0]}],"ix":2},"o":{"a":0,"k":0,"ix":3},"m":1,"ix":2,"nm":"Trim Paths 1","mn":"ADBE Vector Filter - Trim","hd":false}],"ip":0,"op":300.00001221925,"st":0,"bm":0},{"ddd":0,"ind":4,"ty":4,"nm":"Shape Layer 1","sr":1,"ks":{"o":{"a":0,"k":100,"ix":11},"r":{"a":0,"k":0,"ix":10},"p":{"a":0,"k":[400,400,0],"ix":2},"a":{"a":0,"k":[0,0,0],"ix":1},"s":{"a":0,"k":[100,100,100],"ix":6}},"ao":0,"shapes":[{"ty":"gr","it":[{"ind":0,"ty":"sh","ix":1,"ks":{"a":0,"k":{"i":[[0,0],[14,-21],[-37,-8],[0,0],[-3,144]],"o":[[0,0],[-18,-6],[114,22],[0,0],[3,-41]],"v":[[-196,254],[-248,310],[-298,154],[-141,157],[-250,-46]],"c":false},"ix":2},"nm":"Path 1","mn":"ADBE Vector Shape - Group","hd":false},{"ty":"st","c":{"a":0,"k":[0.9607843137254902,0.6431372549019608,0.1450980392156863,1],"ix":3},"o":{"a":0,"k":100,"ix":4},"w":{"a":0,"k":18,"ix":5},"lc":2,"lj":2,"bm":0,"nm":"Stroke 1","mn":"ADBE Vector Graphic - Stroke","hd":false},{"ty":"tr","p":{"a":0,"k":[0,0],"ix":2},"a":{"a":0,"k":[0,0],"ix":1},"s":{"a":0,"k":[100,100],"ix":3},"r":{"a":0,"k":0,"ix":6},"o":{"a":0,"k":100,"ix":7},"sk":{"a":0,"k":0,"ix":4},"sa":{"a":0,"k":0,"ix":5},"nm":"Transform"}],"nm":"Shape 1","np":3,"cix":2,"bm":0,"ix":1,"mn":"ADBE Vector Group","hd":false},{"ty":"tm","s":{"a":0,"k":0,"ix":1},"e":{"a":0,"k":100,"ix":2},"o":{"a":0,"k":0,"ix":3},"m":1,"ix":2,"nm":"Trim Paths 1","mn":"ADBE Vector Filter - Trim","hd":false},{"ty":"tm","s":{"a":0,"k":0,"ix":1},"e":{"a":1,"k":[{"i":{"x":[0.833],"y":[0.833]},"o":{"x":[0.167],"y":[0.167]},"t":0,"s":[0]},{"i":{"x":[0.833],"y":[0.833]},"o":{"x":[0.167],"y":[0.167]},"t":24,"s":[100]},{"i":{"x":[0.833],"y":[0.833]},"o":{"x":[0.167],"y":[0.167]},"t":62,"s":[100]},{"t":86.0000035028518,"s":[0]}],"ix":2},"o":{"a":0,"k":0,"ix":3},"m":1,"ix":3,"nm":"Trim Paths 2","mn":"ADBE Vector Filter - Trim","hd":false}],"ip":0,"op":300.00001221925,"st":0,"bm":0}]}],"layers":[{"ddd":0,"ind":1,"ty":0,"nm":"Pre-comp 1","refId":"comp_0","sr":1,"ks":{"o":{"a":0,"k":100,"ix":11},"r":{"a":0,"k":0,"ix":10},"p":{"a":1,"k":[{"i":{"x":0.833,"y":0.842},"o":{"x":0.167,"y":0.167},"t":0,"s":[416.56500000000005,346.731,0],"to":[0.904,-0.207,0],"ti":[-1.717,0.364,0]},{"i":{"x":0.833,"y":0.845},"o":{"x":0.167,"y":0.177},"t":1,"s":[421.988,345.487,0],"to":[1.717,-0.364,0],"ti":[-1.513,0.26,0]},{"i":{"x":0.833,"y":0.85},"o":{"x":0.167,"y":0.181},"t":2,"s":[426.866,344.546,0],"to":[1.513,-0.26,0],"ti":[-1.265,0.149,0]},{"i":{"x":0.833,"y":0.857},"o":{"x":0.167,"y":0.187},"t":3,"s":[431.067,343.929,0],"to":[1.265,-0.149,0],"ti":[-0.973,0.034,0]},{"i":{"x":0.833,"y":0.867},"o":{"x":0.167,"y":0.199},"t":4,"s":[434.4580000000001,343.652,0],"to":[0.973,-0.034,0],"ti":[-0.637,-0.082,0]},{"i":{"x":0.833,"y":0.868},"o":{"x":0.167,"y":0.224},"t":5,"s":[436.907,343.723,0],"to":[0.637,0.082,0],"ti":[-0.257,-0.199,0]},{"i":{"x":0.833,"y":0.794},"o":{"x":0.167,"y":0.225},"t":6,"s":[438.281,344.147,0],"to":[0.257,0.199,0],"ti":[0.099,-0.293,0]},{"i":{"x":0.833,"y":0.824},"o":{"x":0.167,"y":0.14},"t":7,"s":[438.44900000000007,344.919,0],"to":[-0.099,0.293,0],"ti":[0.298,-0.321,0]},{"i":{"x":0.833,"y":0.825},"o":{"x":0.167,"y":0.158},"t":8,"s":[437.687,345.902,0],"to":[-0.298,0.321,0],"ti":[0.379,-0.304,0]},{"i":{"x":0.833,"y":0.826},"o":{"x":0.167,"y":0.159},"t":9,"s":[436.66200000000003,346.847,0],"to":[-0.379,0.304,0],"ti":[0.45,-0.282,0]},{"i":{"x":0.833,"y":0.827},"o":{"x":0.167,"y":0.16},"t":10,"s":[435.41100000000006,347.729,0],"to":[-0.45,0.282,0],"ti":[0.512,-0.257,0]},{"i":{"x":0.833,"y":0.829},"o":{"x":0.167,"y":0.161},"t":11,"s":[433.961,348.538,0],"to":[-0.512,0.257,0],"ti":[0.563,-0.233,0]},{"i":{"x":0.833,"y":0.83},"o":{"x":0.167,"y":0.162},"t":12,"s":[432.342,349.272,0],"to":[-0.563,0.233,0],"ti":[0.604,-0.211,0]},{"i":{"x":0.833,"y":0.831},"o":{"x":0.167,"y":0.163},"t":13,"s":[430.584,349.935,0],"to":[-0.604,0.211,0],"ti":[0.633,-0.193,0]},{"i":{"x":0.833,"y":0.832},"o":{"x":0.167,"y":0.164},"t":14,"s":[428.72,350.537,0],"to":[-0.633,0.193,0],"ti":[0.652,-0.181,0]},{"i":{"x":0.833,"y":0.833},"o":{"x":0.167,"y":0.165},"t":15,"s":[426.784,351.093,0],"to":[-0.652,0.181,0],"ti":[0.659,-0.176,0]},{"i":{"x":0.833,"y":0.834},"o":{"x":0.167,"y":0.167},"t":16,"s":[424.81,351.623,0],"to":[-0.659,0.176,0],"ti":[0.655,-0.178,0]},{"i":{"x":0.833,"y":0.835},"o":{"x":0.167,"y":0.168},"t":17,"s":[422.831,352.148,0],"to":[-0.655,0.178,0],"ti":[0.64,-0.19,0]},{"i":{"x":0.833,"y":0.836},"o":{"x":0.167,"y":0.169},"t":18,"s":[420.882,352.693,0],"to":[-0.64,0.19,0],"ti":[0.614,-0.21,0]},{"i":{"x":0.833,"y":0.836},"o":{"x":0.167,"y":0.169},"t":19,"s":[418.99300000000005,353.287,0],"to":[-0.614,0.21,0],"ti":[0.579,-0.24,0]},{"i":{"x":0.833,"y":0.836},"o":{"x":0.167,"y":0.17},"t":20,"s":[417.196,353.955,0],"to":[-0.579,0.24,0],"ti":[0.535,-0.278,0]},{"i":{"x":0.833,"y":0.836},"o":{"x":0.167,"y":0.17},"t":21,"s":[415.518,354.725,0],"to":[-0.535,0.278,0],"ti":[0.484,-0.325,0]},{"i":{"x":0.833,"y":0.834},"o":{"x":0.167,"y":0.169},"t":22,"s":[413.9839999999999,355.624,0],"to":[-0.484,0.325,0],"ti":[0.426,-0.38,0]},{"i":{"x":0.833,"y":0.832},"o":{"x":0.167,"y":0.168},"t":23,"s":[412.615,356.675,0],"to":[-0.426,0.38,0],"ti":[0.362,-0.441,0]},{"i":{"x":0.833,"y":0.83},"o":{"x":0.167,"y":0.166},"t":24,"s":[411.43,357.901,0],"to":[-0.362,0.441,0],"ti":[0.296,-0.507,0]},{"i":{"x":0.833,"y":0.828},"o":{"x":0.167,"y":0.163},"t":25,"s":[410.44,359.319,0],"to":[-0.296,0.507,0],"ti":[0.227,-0.577,0]},{"i":{"x":0.833,"y":0.826},"o":{"x":0.167,"y":0.161},"t":26,"s":[409.656,360.943,0],"to":[-0.227,0.577,0],"ti":[0.159,-0.649,0]},{"i":{"x":0.833,"y":0.826},"o":{"x":0.167,"y":0.16},"t":27,"s":[409.078,362.781,0],"to":[-0.159,0.649,0],"ti":[0.093,-0.72,0]},{"i":{"x":0.833,"y":0.826},"o":{"x":0.167,"y":0.16},"t":28,"s":[408.704,364.835,0],"to":[-0.093,0.72,0],"ti":[0.031,-0.788,0]},{"i":{"x":0.833,"y":0.827},"o":{"x":0.167,"y":0.16},"t":29,"s":[408.52199999999993,367.1,0],"to":[-0.031,0.788,0],"ti":[-0.023,-0.85,0]},{"i":{"x":0.833,"y":0.829},"o":{"x":0.167,"y":0.161},"t":30,"s":[408.517,369.563,0],"to":[0.023,0.85,0],"ti":[-0.068,-0.904,0]},{"i":{"x":0.833,"y":0.83},"o":{"x":0.167,"y":0.162},"t":31,"s":[408.662,372.203,0],"to":[0.068,0.904,0],"ti":[-0.1,-0.945,0]},{"i":{"x":0.833,"y":0.832},"o":{"x":0.167,"y":0.164},"t":32,"s":[408.92400000000004,374.987,0],"to":[0.1,0.945,0],"ti":[-0.116,-0.971,0]},{"i":{"x":0.833,"y":0.834},"o":{"x":0.167,"y":0.165},"t":33,"s":[409.2610000000001,377.874,0],"to":[0.116,0.971,0],"ti":[-0.114,-0.976,0]},{"i":{"x":0.833,"y":0.836},"o":{"x":0.167,"y":0.167},"t":34,"s":[409.62199999999996,380.81,0],"to":[0.114,0.976,0],"ti":[-0.089,-0.958,0]},{"i":{"x":0.833,"y":0.839},"o":{"x":0.167,"y":0.17},"t":35,"s":[409.943,383.731,0],"to":[0.089,0.958,0],"ti":[-0.038,-0.91,0]},{"i":{"x":0.833,"y":0.839},"o":{"x":0.167,"y":0.173},"t":36,"s":[410.155,386.556,0],"to":[0.038,0.91,0],"ti":[-0.011,-0.85,0]},{"i":{"x":0.833,"y":0.834},"o":{"x":0.167,"y":0.173},"t":37,"s":[410.172,389.193,0],"to":[0.011,0.85,0],"ti":[-0.092,-0.81,0]},{"i":{"x":0.833,"y":0.833},"o":{"x":0.167,"y":0.167},"t":38,"s":[410.22100000000006,391.655,0],"to":[0.092,0.81,0],"ti":[-0.234,-0.779,0]},{"i":{"x":0.833,"y":0.834},"o":{"x":0.167,"y":0.167},"t":39,"s":[410.727,394.053,0],"to":[0.234,0.779,0],"ti":[-0.353,-0.731,0]},{"i":{"x":0.833,"y":0.835},"o":{"x":0.167,"y":0.167},"t":40,"s":[411.625,396.33,0],"to":[0.353,0.731,0],"ti":[-0.449,-0.666,0]},{"i":{"x":0.833,"y":0.836},"o":{"x":0.167,"y":0.168},"t":41,"s":[412.847,398.436,0],"to":[0.449,0.666,0],"ti":[-0.523,-0.587,0]},{"i":{"x":0.833,"y":0.837},"o":{"x":0.167,"y":0.169},"t":42,"s":[414.32200000000006,400.326,0],"to":[0.523,0.587,0],"ti":[-0.574,-0.496,0]},{"i":{"x":0.833,"y":0.838},"o":{"x":0.167,"y":0.17},"t":43,"s":[415.98300000000006,401.959,0],"to":[0.574,0.496,0],"ti":[-0.603,-0.395,0]},{"i":{"x":0.833,"y":0.839},"o":{"x":0.167,"y":0.172},"t":44,"s":[417.765,403.303,0],"to":[0.603,0.395,0],"ti":[-0.612,-0.286,0]},{"i":{"x":0.833,"y":0.84},"o":{"x":0.167,"y":0.173},"t":45,"s":[419.602,404.329,0],"to":[0.612,0.286,0],"ti":[-0.6,-0.17,0]},{"i":{"x":0.833,"y":0.84},"o":{"x":0.167,"y":0.174},"t":46,"s":[421.43399999999997,405.016,0],"to":[0.6,0.17,0],"ti":[-0.569,-0.05,0]},{"i":{"x":0.833,"y":0.839},"o":{"x":0.167,"y":0.174},"t":47,"s":[423.20200000000006,405.349,0],"to":[0.569,0.05,0],"ti":[-0.521,0.072,0]},{"i":{"x":0.833,"y":0.837},"o":{"x":0.167,"y":0.173},"t":48,"s":[424.84900000000005,405.31699999999995,0],"to":[0.521,-0.072,0],"ti":[-0.455,0.193,0]},{"i":{"x":0.833,"y":0.832},"o":{"x":0.167,"y":0.17},"t":49,"s":[426.32500000000005,404.92,0],"to":[0.455,-0.193,0],"ti":[-0.375,0.312,0]},{"i":{"x":0.833,"y":0.827},"o":{"x":0.167,"y":0.165},"t":50,"s":[427.581,404.15900000000005,0],"to":[0.375,-0.312,0],"ti":[-0.28,0.427,0]},{"i":{"x":0.833,"y":0.824},"o":{"x":0.167,"y":0.161},"t":51,"s":[428.57200000000006,403.047,0],"to":[0.28,-0.427,0],"ti":[-0.173,0.534,0]},{"i":{"x":0.833,"y":0.822},"o":{"x":0.167,"y":0.158},"t":52,"s":[429.26099999999997,401.6,0],"to":[0.173,-0.534,0],"ti":[-0.056,0.633,0]},{"i":{"x":0.833,"y":0.822},"o":{"x":0.167,"y":0.157},"t":53,"s":[429.612,399.842,0],"to":[0.056,-0.633,0],"ti":[0.07,0.72,0]},{"i":{"x":0.833,"y":0.823},"o":{"x":0.167,"y":0.157},"t":54,"s":[429.596,397.804,0],"to":[-0.07,-0.72,0],"ti":[0.203,0.793,0]},{"i":{"x":0.833,"y":0.824},"o":{"x":0.167,"y":0.157},"t":55,"s":[429.191,395.524,0],"to":[-0.203,-0.793,0],"ti":[0.34,0.85,0]},{"i":{"x":0.833,"y":0.825},"o":{"x":0.167,"y":0.158},"t":56,"s":[428.37899999999996,393.047,0],"to":[-0.34,-0.85,0],"ti":[0.48,0.888,0]},{"i":{"x":0.833,"y":0.827},"o":{"x":0.167,"y":0.159},"t":57,"s":[427.15,390.426,0],"to":[-0.48,-0.888,0],"ti":[0.62,0.905,0]},{"i":{"x":0.833,"y":0.828},"o":{"x":0.167,"y":0.161},"t":58,"s":[425.5,387.72,0],"to":[-0.62,-0.905,0],"ti":[0.757,0.898,0]},{"i":{"x":0.833,"y":0.829},"o":{"x":0.167,"y":0.162},"t":59,"s":[423.432,384.997,0],"to":[-0.757,-0.898,0],"ti":[0.889,0.866,0]},{"i":{"x":0.833,"y":0.83},"o":{"x":0.167,"y":0.163},"t":60,"s":[420.95799999999997,382.33,0],"to":[-0.889,-0.866,0],"ti":[1.014,0.804,0]},{"i":{"x":0.833,"y":0.831},"o":{"x":0.167,"y":0.164},"t":61,"s":[418.0969999999999,379.803,0],"to":[-1.014,-0.804,0],"ti":[1.128,0.711,0]},{"i":{"x":0.833,"y":0.832},"o":{"x":0.167,"y":0.165},"t":62,"s":[414.875,377.506,0],"to":[-1.128,-0.711,0],"ti":[1.229,0.585,0]},{"i":{"x":0.833,"y":0.832},"o":{"x":0.167,"y":0.165},"t":63,"s":[411.329,375.536,0],"to":[-1.229,-0.585,0],"ti":[1.313,0.421,0]},{"i":{"x":0.833,"y":0.832},"o":{"x":0.167,"y":0.166},"t":64,"s":[407.504,373.999,0],"to":[-1.313,-0.421,0],"ti":[1.377,0.218,0]},{"i":{"x":0.833,"y":0.831},"o":{"x":0.167,"y":0.166},"t":65,"s":[403.45399999999995,373.009,0],"to":[-1.377,-0.218,0],"ti":[1.418,-0.026,0]},{"i":{"x":0.833,"y":0.833},"o":{"x":0.167,"y":0.165},"t":66,"s":[399.243,372.689,0],"to":[-1.418,0.026,0],"ti":[1.42,-0.249,0]},{"i":{"x":0.833,"y":0.838},"o":{"x":0.167,"y":0.166},"t":67,"s":[394.947,373.168,0],"to":[-1.42,0.249,0],"ti":[1.366,-0.337,0]},{"i":{"x":0.833,"y":0.84},"o":{"x":0.167,"y":0.172},"t":68,"s":[390.722,374.183,0],"to":[-1.366,0.337,0],"ti":[1.27,-0.329,0]},{"i":{"x":0.833,"y":0.842},"o":{"x":0.167,"y":0.174},"t":69,"s":[386.752,375.191,0],"to":[-1.27,0.329,0],"ti":[1.155,-0.307,0]},{"i":{"x":0.833,"y":0.844},"o":{"x":0.167,"y":0.176},"t":70,"s":[383.1,376.154,0],"to":[-1.155,0.307,0],"ti":[1.021,-0.274,0]},{"i":{"x":0.833,"y":0.847},"o":{"x":0.167,"y":0.179},"t":71,"s":[379.823,377.035,0],"to":[-1.021,0.274,0],"ti":[0.87,-0.23,0]},{"i":{"x":0.833,"y":0.852},"o":{"x":0.167,"y":0.184},"t":72,"s":[376.976,377.8,0],"to":[-0.87,0.23,0],"ti":[0.704,-0.174,0]},{"i":{"x":0.833,"y":0.859},"o":{"x":0.167,"y":0.191},"t":73,"s":[374.604,378.414,0],"to":[-0.704,0.174,0],"ti":[0.526,-0.107,0]},{"i":{"x":0.833,"y":0.871},"o":{"x":0.167,"y":0.203},"t":74,"s":[372.749,378.844,0],"to":[-0.526,0.107,0],"ti":[0.338,-0.031,0]},{"i":{"x":0.833,"y":0.874},"o":{"x":0.167,"y":0.234},"t":75,"s":[371.447,379.059,0],"to":[-0.338,0.031,0],"ti":[0.141,0.055,0]},{"i":{"x":0.833,"y":0.744},"o":{"x":0.167,"y":0.245},"t":76,"s":[370.724,379.029,0],"to":[-0.141,-0.055,0],"ti":[-0.061,0.149,0]},{"i":{"x":0.833,"y":0.763},"o":{"x":0.167,"y":0.124},"t":77,"s":[370.601,378.728,0],"to":[0.061,-0.149,0],"ti":[-0.266,0.25,0]},{"i":{"x":0.833,"y":0.793},"o":{"x":0.167,"y":0.128},"t":78,"s":[371.091,378.134,0],"to":[0.266,-0.25,0],"ti":[-0.471,0.357,0]},{"i":{"x":0.833,"y":0.806},"o":{"x":0.167,"y":0.14},"t":79,"s":[372.198,377.226,0],"to":[0.471,-0.357,0],"ti":[-0.674,0.468,0]},{"i":{"x":0.833,"y":0.813},"o":{"x":0.167,"y":0.146},"t":80,"s":[373.919,375.991,0],"to":[0.674,-0.468,0],"ti":[-0.87,0.582,0]},{"i":{"x":0.833,"y":0.818},"o":{"x":0.167,"y":0.151},"t":81,"s":[376.241,374.417,0],"to":[0.87,-0.582,0],"ti":[-1.058,0.696,0]},{"i":{"x":0.833,"y":0.821},"o":{"x":0.167,"y":0.154},"t":82,"s":[379.141,372.5,0],"to":[1.058,-0.696,0],"ti":[-1.233,0.809,0]},{"i":{"x":0.833,"y":0.824},"o":{"x":0.167,"y":0.156},"t":83,"s":[382.587,370.241,0],"to":[1.233,-0.809,0],"ti":[-1.392,0.918,0]},{"i":{"x":0.833,"y":0.826},"o":{"x":0.167,"y":0.158},"t":84,"s":[386.537,367.646,0],"to":[1.392,-0.918,0],"ti":[-1.531,1.022,0]},{"i":{"x":0.833,"y":0.827},"o":{"x":0.167,"y":0.16},"t":85,"s":[390.939,364.73,0],"to":[1.531,-1.022,0],"ti":[-1.648,1.117,0]},{"i":{"x":0.833,"y":0.829},"o":{"x":0.167,"y":0.161},"t":86,"s":[395.726,361.515,0],"to":[1.648,-1.117,0],"ti":[-1.737,1.201,0]},{"i":{"x":0.833,"y":0.831},"o":{"x":0.167,"y":0.163},"t":87,"s":[400.826,358.029,0],"to":[1.737,-1.201,0],"ti":[-1.795,1.271,0]},{"i":{"x":0.833,"y":0.834},"o":{"x":0.167,"y":0.164},"t":88,"s":[406.148,354.309,0],"to":[1.795,-1.271,0],"ti":[-1.821,1.284,0]},{"i":{"x":0.833,"y":0.848},"o":{"x":0.167,"y":0.167},"t":89,"s":[411.5950000000001,350.402,0],"to":[1.821,-1.284,0],"ti":[-1.809,0.836,0]},{"i":{"x":0.833,"y":0.843},"o":{"x":0.167,"y":0.184},"t":90,"s":[417.072,346.607,0],"to":[1.809,-0.836,0],"ti":[-1.7,0.355,0]},{"i":{"x":0.833,"y":0.846},"o":{"x":0.167,"y":0.177},"t":91,"s":[422.452,345.389,0],"to":[1.7,-0.355,0],"ti":[-1.493,0.25,0]},{"i":{"x":0.833,"y":0.85},"o":{"x":0.167,"y":0.181},"t":92,"s":[427.274,344.477,0],"to":[1.493,-0.25,0],"ti":[-1.241,0.139,0]},{"i":{"x":0.833,"y":0.857},"o":{"x":0.167,"y":0.188},"t":93,"s":[431.407,343.89,0],"to":[1.241,-0.139,0],"ti":[-0.945,0.024,0]},{"i":{"x":0.833,"y":0.868},"o":{"x":0.167,"y":0.201},"t":94,"s":[434.71900000000005,343.644,0],"to":[0.945,-0.024,0],"ti":[-0.605,-0.093,0]},{"i":{"x":0.833,"y":0.864},"o":{"x":0.167,"y":0.227},"t":95,"s":[437.0760000000001,343.747,0],"to":[0.605,0.093,0],"ti":[-0.221,-0.21,0]},{"i":{"x":0.833,"y":0.794},"o":{"x":0.167,"y":0.215},"t":96,"s":[438.347,344.202,0],"to":[0.221,0.21,0],"ti":[0.124,-0.298,0]},{"i":{"x":0.833,"y":0.824},"o":{"x":0.167,"y":0.14},"t":97,"s":[438.401,345.006,0],"to":[-0.124,0.298,0],"ti":[0.307,-0.321,0]},{"i":{"x":0.833,"y":0.825},"o":{"x":0.167,"y":0.159},"t":98,"s":[437.605,345.989,0],"to":[-0.307,0.321,0],"ti":[0.386,-0.303,0]},{"i":{"x":0.833,"y":0.826},"o":{"x":0.167,"y":0.159},"t":99,"s":[436.55799999999994,346.929,0],"to":[-0.386,0.303,0],"ti":[0.456,-0.28,0]},{"i":{"x":0.833,"y":0.828},"o":{"x":0.167,"y":0.16},"t":100,"s":[435.288,347.804,0],"to":[-0.456,0.28,0],"ti":[0.517,-0.255,0]},{"i":{"x":0.833,"y":0.829},"o":{"x":0.167,"y":0.161},"t":101,"s":[433.822,348.607,0],"to":[-0.517,0.255,0],"ti":[0.567,-0.231,0]},{"i":{"x":0.833,"y":0.83},"o":{"x":0.167,"y":0.162},"t":102,"s":[432.18899999999996,349.335,0],"to":[-0.567,0.231,0],"ti":[0.607,-0.209,0]},{"i":{"x":0.833,"y":0.831},"o":{"x":0.167,"y":0.163},"t":103,"s":[430.41999999999996,349.992,0],"to":[-0.607,0.209,0],"ti":[0.635,-0.192,0]},{"i":{"x":0.833,"y":0.832},"o":{"x":0.167,"y":0.164},"t":104,"s":[428.548,350.589,0],"to":[-0.635,0.192,0],"ti":[0.653,-0.18,0]},{"i":{"x":0.833,"y":0.833},"o":{"x":0.167,"y":0.166},"t":105,"s":[426.607,351.142,0],"to":[-0.653,0.18,0],"ti":[0.659,-0.176,0]},{"i":{"x":0.833,"y":0.834},"o":{"x":0.167,"y":0.167},"t":106,"s":[424.6309999999999,351.67,0],"to":[-0.659,0.176,0],"ti":[0.654,-0.179,0]},{"i":{"x":0.833,"y":0.835},"o":{"x":0.167,"y":0.168},"t":107,"s":[422.654,352.195,0],"to":[-0.654,0.179,0],"ti":[0.638,-0.191,0]},{"i":{"x":0.833,"y":0.836},"o":{"x":0.167,"y":0.169},"t":108,"s":[420.709,352.745,0],"to":[-0.638,0.191,0],"ti":[0.611,-0.213,0]},{"i":{"x":0.833,"y":0.836},"o":{"x":0.167,"y":0.169},"t":109,"s":[418.828,353.344,0],"to":[-0.611,0.213,0],"ti":[0.576,-0.243,0]},{"i":{"x":0.833,"y":0.836},"o":{"x":0.167,"y":0.17},"t":110,"s":[417.03999999999996,354.02,0],"to":[-0.576,0.243,0],"ti":[0.531,-0.282,0]},{"i":{"x":0.833,"y":0.836},"o":{"x":0.167,"y":0.17},"t":111,"s":[415.374,354.801,0],"to":[-0.531,0.282,0],"ti":[0.479,-0.33,0]},{"i":{"x":0.833,"y":0.834},"o":{"x":0.167,"y":0.169},"t":112,"s":[413.853,355.712,0],"to":[-0.479,0.33,0],"ti":[0.42,-0.385,0]},{"i":{"x":0.833,"y":0.832},"o":{"x":0.167,"y":0.167},"t":113,"s":[412.501,356.778,0],"to":[-0.42,0.385,0],"ti":[0.357,-0.446,0]},{"i":{"x":0.833,"y":0.83},"o":{"x":0.167,"y":0.165},"t":114,"s":[411.332,358.021,0],"to":[-0.357,0.446,0],"ti":[0.29,-0.513,0]},{"i":{"x":0.833,"y":0.828},"o":{"x":0.167,"y":0.163},"t":115,"s":[410.361,359.457,0],"to":[-0.29,0.513,0],"ti":[0.221,-0.583,0]},{"i":{"x":0.833,"y":0.826},"o":{"x":0.167,"y":0.161},"t":116,"s":[409.595,361.1,0],"to":[-0.221,0.583,0],"ti":[0.153,-0.655,0]},{"i":{"x":0.833,"y":0.826},"o":{"x":0.167,"y":0.16},"t":117,"s":[409.03600000000006,362.957,0],"to":[-0.153,0.655,0],"ti":[0.087,-0.726,0]},{"i":{"x":0.833,"y":0.826},"o":{"x":0.167,"y":0.16},"t":118,"s":[408.68,365.031,0],"to":[-0.087,0.726,0],"ti":[0.026,-0.794,0]},{"i":{"x":0.833,"y":0.827},"o":{"x":0.167,"y":0.16},"t":119,"s":[408.515,367.314,0],"to":[-0.026,0.794,0],"ti":[-0.028,-0.856,0]},{"i":{"x":0.833,"y":0.829},"o":{"x":0.167,"y":0.161},"t":120,"s":[408.524,369.794,0],"to":[0.028,0.856,0],"ti":[-0.071,-0.908,0]},{"i":{"x":0.833,"y":0.83},"o":{"x":0.167,"y":0.162},"t":121,"s":[408.682,372.448,0],"to":[0.071,0.908,0],"ti":[-0.102,-0.948,0]},{"i":{"x":0.833,"y":0.832},"o":{"x":0.167,"y":0.164},"t":122,"s":[408.952,375.243,0],"to":[0.102,0.948,0],"ti":[-0.117,-0.972,0]},{"i":{"x":0.833,"y":0.834},"o":{"x":0.167,"y":0.165},"t":123,"s":[409.294,378.137,0],"to":[0.117,0.972,0],"ti":[-0.112,-0.975,0]},{"i":{"x":0.833,"y":0.837},"o":{"x":0.167,"y":0.167},"t":124,"s":[409.653,381.075,0],"to":[0.112,0.975,0],"ti":[-0.085,-0.955,0]},{"i":{"x":0.833,"y":0.839},"o":{"x":0.167,"y":0.17},"t":125,"s":[409.968,383.99,0],"to":[0.085,0.955,0],"ti":[-0.032,-0.905,0]},{"i":{"x":0.833,"y":0.838},"o":{"x":0.167,"y":0.173},"t":126,"s":[410.165,386.802,0],"to":[0.032,0.905,0],"ti":[-0.014,-0.845,0]},{"i":{"x":0.833,"y":0.834},"o":{"x":0.167,"y":0.172},"t":127,"s":[410.161,389.417,0],"to":[0.014,0.845,0],"ti":[-0.105,-0.808,0]},{"i":{"x":0.833,"y":0.833},"o":{"x":0.167,"y":0.167},"t":128,"s":[410.249,391.875,0],"to":[0.105,0.808,0],"ti":[-0.246,-0.775,0]},{"i":{"x":0.833,"y":0.834},"o":{"x":0.167,"y":0.167},"t":129,"s":[410.79299999999995,394.263,0],"to":[0.246,0.775,0],"ti":[-0.363,-0.725,0]},{"i":{"x":0.833,"y":0.835},"o":{"x":0.167,"y":0.167},"t":130,"s":[411.723,396.527,0],"to":[0.363,0.725,0],"ti":[-0.457,-0.659,0]},{"i":{"x":0.833,"y":0.836},"o":{"x":0.167,"y":0.168},"t":131,"s":[412.9700000000001,398.616,0],"to":[0.457,0.659,0],"ti":[-0.528,-0.58,0]},{"i":{"x":0.833,"y":0.837},"o":{"x":0.167,"y":0.169},"t":132,"s":[414.465,400.484,0],"to":[0.528,0.58,0],"ti":[-0.577,-0.488,0]},{"i":{"x":0.833,"y":0.838},"o":{"x":0.167,"y":0.17},"t":133,"s":[416.13999999999993,402.09299999999996,0],"to":[0.577,0.488,0],"ti":[-0.605,-0.385,0]},{"i":{"x":0.833,"y":0.839},"o":{"x":0.167,"y":0.172},"t":134,"s":[417.929,403.409,0],"to":[0.605,0.385,0],"ti":[-0.611,-0.275,0]},{"i":{"x":0.833,"y":0.84},"o":{"x":0.167,"y":0.173},"t":135,"s":[419.76800000000003,404.405,0],"to":[0.611,0.275,0],"ti":[-0.598,-0.159,0]},{"i":{"x":0.833,"y":0.84},"o":{"x":0.167,"y":0.174},"t":136,"s":[421.597,405.061,0],"to":[0.598,0.159,0],"ti":[-0.566,-0.039,0]},{"i":{"x":0.833,"y":0.839},"o":{"x":0.167,"y":0.174},"t":137,"s":[423.356,405.361,0],"to":[0.566,0.039,0],"ti":[-0.515,0.082,0]},{"i":{"x":0.833,"y":0.836},"o":{"x":0.167,"y":0.173},"t":138,"s":[424.99,405.296,0],"to":[0.515,-0.082,0],"ti":[-0.449,0.204,0]},{"i":{"x":0.833,"y":0.832},"o":{"x":0.167,"y":0.17},"t":139,"s":[426.448,404.866,0],"to":[0.449,-0.204,0],"ti":[-0.367,0.323,0]},{"i":{"x":0.833,"y":0.827},"o":{"x":0.167,"y":0.165},"t":140,"s":[427.68100000000004,404.073,0],"to":[0.367,-0.323,0],"ti":[-0.271,0.437,0]},{"i":{"x":0.833,"y":0.823},"o":{"x":0.167,"y":0.161},"t":141,"s":[428.64699999999993,402.93,0],"to":[0.271,-0.437,0],"ti":[-0.163,0.543,0]},{"i":{"x":0.833,"y":0.822},"o":{"x":0.167,"y":0.158},"t":142,"s":[429.307,401.454,0],"to":[0.163,-0.543,0],"ti":[-0.045,0.641,0]},{"i":{"x":0.833,"y":0.822},"o":{"x":0.167,"y":0.157},"t":143,"s":[429.62600000000003,399.669,0],"to":[0.045,-0.641,0],"ti":[0.082,0.727,0]},{"i":{"x":0.833,"y":0.823},"o":{"x":0.167,"y":0.157},"t":144,"s":[429.576,397.608,0],"to":[-0.082,-0.727,0],"ti":[0.215,0.799,0]},{"i":{"x":0.833,"y":0.824},"o":{"x":0.167,"y":0.157},"t":145,"s":[429.13499999999993,395.308,0],"to":[-0.215,-0.799,0],"ti":[0.353,0.854,0]},{"i":{"x":0.833,"y":0.826},"o":{"x":0.167,"y":0.158},"t":146,"s":[428.28499999999997,392.816,0],"to":[-0.353,-0.854,0],"ti":[0.492,0.89,0]},{"i":{"x":0.833,"y":0.827},"o":{"x":0.167,"y":0.16},"t":147,"s":[427.01900000000006,390.185,0],"to":[-0.492,-0.89,0],"ti":[0.632,0.905,0]},{"i":{"x":0.833,"y":0.828},"o":{"x":0.167,"y":0.161},"t":148,"s":[425.331,387.475,0],"to":[-0.632,-0.905,0],"ti":[0.769,0.896,0]},{"i":{"x":0.833,"y":0.829},"o":{"x":0.167,"y":0.162},"t":149,"s":[423.226,384.753,0],"to":[-0.769,-0.896,0],"ti":[0.901,0.861,0]},{"i":{"x":0.833,"y":0.83},"o":{"x":0.167,"y":0.163},"t":150,"s":[420.716,382.096,0],"to":[-0.901,-0.861,0],"ti":[1.025,0.797,0]},{"i":{"x":0.833,"y":0.831},"o":{"x":0.167,"y":0.164},"t":151,"s":[417.821,379.586,0],"to":[-1.025,-0.797,0],"ti":[1.138,0.701,0]},{"i":{"x":0.833,"y":0.832},"o":{"x":0.167,"y":0.165},"t":152,"s":[414.568,377.313,0],"to":[-1.138,-0.701,0],"ti":[1.237,0.571,0]},{"i":{"x":0.833,"y":0.832},"o":{"x":0.167,"y":0.165},"t":153,"s":[410.99500000000006,375.378,0],"to":[-1.237,-0.571,0],"ti":[1.319,0.404,0]},{"i":{"x":0.833,"y":0.832},"o":{"x":0.167,"y":0.166},"t":154,"s":[407.148,373.885,0],"to":[-1.319,-0.404,0],"ti":[1.381,0.198,0]},{"i":{"x":0.833,"y":0.831},"o":{"x":0.167,"y":0.166},"t":155,"s":[403.08000000000004,372.951,0],"to":[-1.381,-0.198,0],"ti":[1.42,-0.051,0]},{"i":{"x":0.833,"y":0.834},"o":{"x":0.167,"y":0.165},"t":156,"s":[398.859,372.697,0],"to":[-1.42,0.051,0],"ti":[1.418,-0.263,0]},{"i":{"x":0.833,"y":0.838},"o":{"x":0.167,"y":0.167},"t":157,"s":[394.558,373.255,0],"to":[-1.418,0.263,0],"ti":[1.358,-0.338,0]},{"i":{"x":0.833,"y":0.84},"o":{"x":0.167,"y":0.172},"t":158,"s":[390.354,374.275,0],"to":[-1.358,0.338,0],"ti":[1.261,-0.327,0]},{"i":{"x":0.833,"y":0.842},"o":{"x":0.167,"y":0.174},"t":159,"s":[386.409,375.28,0],"to":[-1.261,0.327,0],"ti":[1.143,-0.305,0]},{"i":{"x":0.833,"y":0.844},"o":{"x":0.167,"y":0.176},"t":160,"s":[382.789,376.237,0],"to":[-1.143,0.305,0],"ti":[1.008,-0.271,0]},{"i":{"x":0.833,"y":0.848},"o":{"x":0.167,"y":0.18},"t":161,"s":[379.549,377.109,0],"to":[-1.008,0.271,0],"ti":[0.856,-0.225,0]},{"i":{"x":0.833,"y":0.852},"o":{"x":0.167,"y":0.184},"t":162,"s":[376.742,377.862,0],"to":[-0.856,0.225,0],"ti":[0.689,-0.168,0]},{"i":{"x":0.833,"y":0.86},"o":{"x":0.167,"y":0.191},"t":163,"s":[374.415,378.461,0],"to":[-0.689,0.168,0],"ti":[0.51,-0.101,0]},{"i":{"x":0.833,"y":0.872},"o":{"x":0.167,"y":0.205},"t":164,"s":[372.609,378.873,0],"to":[-0.51,0.101,0],"ti":[0.32,-0.023,0]},{"i":{"x":0.833,"y":0.87},"o":{"x":0.167,"y":0.239},"t":165,"s":[371.357,379.066,0],"to":[-0.32,0.023,0],"ti":[0.123,0.063,0]},{"i":{"x":0.833,"y":0.735},"o":{"x":0.167,"y":0.232},"t":166,"s":[370.688,379.013,0],"to":[-0.123,-0.063,0],"ti":[-0.08,0.158,0]},{"i":{"x":0.833,"y":0.767},"o":{"x":0.167,"y":0.122},"t":167,"s":[370.62,378.687,0],"to":[0.08,-0.158,0],"ti":[-0.285,0.26,0]},{"i":{"x":0.833,"y":0.795},"o":{"x":0.167,"y":0.13},"t":168,"s":[371.165,378.065,0],"to":[0.285,-0.26,0],"ti":[-0.49,0.367,0]},{"i":{"x":0.833,"y":0.807},"o":{"x":0.167,"y":0.14},"t":169,"s":[372.328,377.129,0],"to":[0.49,-0.367,0],"ti":[-0.692,0.478,0]},{"i":{"x":0.833,"y":0.814},"o":{"x":0.167,"y":0.147},"t":170,"s":[374.104,375.863,0],"to":[0.692,-0.478,0],"ti":[-0.888,0.592,0]},{"i":{"x":0.833,"y":0.818},"o":{"x":0.167,"y":0.151},"t":171,"s":[376.479,374.259,0],"to":[0.888,-0.592,0],"ti":[-1.074,0.706,0]},{"i":{"x":0.833,"y":0.821},"o":{"x":0.167,"y":0.154},"t":172,"s":[379.429,372.311,0],"to":[1.074,-0.706,0],"ti":[-1.248,0.819,0]},{"i":{"x":0.833,"y":0.824},"o":{"x":0.167,"y":0.156},"t":173,"s":[382.923,370.021,0],"to":[1.248,-0.819,0],"ti":[-1.405,0.928,0]},{"i":{"x":0.833,"y":0.826},"o":{"x":0.167,"y":0.158},"t":174,"s":[386.916,367.397,0],"to":[1.405,-0.928,0],"ti":[-1.543,1.031,0]},{"i":{"x":0.833,"y":0.828},"o":{"x":0.167,"y":0.16},"t":175,"s":[391.355,364.453,0],"to":[1.543,-1.031,0],"ti":[-1.657,1.125,0]},{"i":{"x":0.833,"y":0.829},"o":{"x":0.167,"y":0.161},"t":176,"s":[396.174,361.212,0],"to":[1.657,-1.125,0],"ti":[-1.744,1.208,0]},{"i":{"x":0.833,"y":0.831},"o":{"x":0.167,"y":0.163},"t":177,"s":[401.297,357.703,0],"to":[1.744,-1.208,0],"ti":[-1.799,1.277,0]},{"i":{"x":0.833,"y":0.835},"o":{"x":0.167,"y":0.164},"t":178,"s":[406.635,353.964,0],"to":[1.799,-1.277,0],"ti":[-1.823,1.246,0]},{"i":{"x":0.833,"y":0.847},"o":{"x":0.167,"y":0.169},"t":179,"s":[412.0880000000001,350.043,0],"to":[1.823,-1.246,0],"ti":[-1.804,0.792,0]},{"i":{"x":0.833,"y":0.843},"o":{"x":0.167,"y":0.183},"t":180,"s":[417.576,346.486,0],"to":[1.804,-0.792,0],"ti":[-1.683,0.346,0]},{"i":{"x":0.833,"y":0.846},"o":{"x":0.167,"y":0.178},"t":181,"s":[422.90999999999997,345.294,0],"to":[1.683,-0.346,0],"ti":[-1.472,0.24,0]},{"i":{"x":0.833,"y":0.851},"o":{"x":0.167,"y":0.182},"t":182,"s":[427.67599999999993,344.41,0],"to":[1.472,-0.24,0],"ti":[-1.216,0.129,0]},{"i":{"x":0.833,"y":0.858},"o":{"x":0.167,"y":0.189},"t":183,"s":[431.741,343.854,0],"to":[1.216,-0.129,0],"ti":[-0.916,0.013,0]},{"i":{"x":0.833,"y":0.87},"o":{"x":0.167,"y":0.202},"t":184,"s":[434.972,343.639,0],"to":[0.916,-0.013,0],"ti":[-0.572,-0.104,0]},{"i":{"x":0.833,"y":0.859},"o":{"x":0.167,"y":0.231},"t":185,"s":[437.237,343.773,0],"to":[0.572,0.104,0],"ti":[-0.184,-0.22,0]},{"i":{"x":0.833,"y":0.796},"o":{"x":0.167,"y":0.204},"t":186,"s":[438.404,344.26,0],"to":[0.184,0.22,0],"ti":[0.147,-0.303,0]},{"i":{"x":0.833,"y":0.825},"o":{"x":0.167,"y":0.141},"t":187,"s":[438.342,345.095,0],"to":[-0.147,0.303,0],"ti":[0.315,-0.319,0]},{"i":{"x":0.833,"y":0.825},"o":{"x":0.167,"y":0.159},"t":188,"s":[437.52,346.076,0],"to":[-0.315,0.319,0],"ti":[0.393,-0.301,0]},{"i":{"x":0.833,"y":0.826},"o":{"x":0.167,"y":0.159},"t":189,"s":[436.4529999999999,347.01,0],"to":[-0.393,0.301,0],"ti":[0.462,-0.278,0]},{"i":{"x":0.833,"y":0.828},"o":{"x":0.167,"y":0.16},"t":190,"s":[435.164,347.88,0],"to":[-0.462,0.278,0],"ti":[0.522,-0.253,0]},{"i":{"x":0.833,"y":0.829},"o":{"x":0.167,"y":0.161},"t":191,"s":[433.681,348.676,0],"to":[-0.522,0.253,0],"ti":[0.571,-0.229,0]},{"i":{"x":0.833,"y":0.83},"o":{"x":0.167,"y":0.162},"t":192,"s":[432.035,349.397,0],"to":[-0.571,0.229,0],"ti":[0.61,-0.207,0]},{"i":{"x":0.833,"y":0.831},"o":{"x":0.167,"y":0.163},"t":193,"s":[430.255,350.048,0],"to":[-0.61,0.207,0],"ti":[0.637,-0.19,0]},{"i":{"x":0.833,"y":0.832},"o":{"x":0.167,"y":0.165},"t":194,"s":[428.376,350.64,0],"to":[-0.637,0.19,0],"ti":[0.654,-0.179,0]},{"i":{"x":0.833,"y":0.833},"o":{"x":0.167,"y":0.166},"t":195,"s":[426.43000000000006,351.19,0],"to":[-0.654,0.179,0],"ti":[0.659,-0.176,0]},{"i":{"x":0.833,"y":0.834},"o":{"x":0.167,"y":0.167},"t":196,"s":[424.45300000000003,351.717,0],"to":[-0.659,0.176,0],"ti":[0.653,-0.18,0]},{"i":{"x":0.833,"y":0.835},"o":{"x":0.167,"y":0.168},"t":197,"s":[422.477,352.244,0],"to":[-0.653,0.18,0],"ti":[0.636,-0.193,0]},{"i":{"x":0.833,"y":0.836},"o":{"x":0.167,"y":0.169},"t":198,"s":[420.5369999999999,352.796,0],"to":[-0.636,0.193,0],"ti":[0.609,-0.215,0]},{"i":{"x":0.833,"y":0.836},"o":{"x":0.167,"y":0.169},"t":199,"s":[418.662,353.401,0],"to":[-0.609,0.215,0],"ti":[0.572,-0.246,0]},{"i":{"x":0.833,"y":0.836},"o":{"x":0.167,"y":0.17},"t":200,"s":[416.885,354.085,0],"to":[-0.572,0.246,0],"ti":[0.527,-0.286,0]},{"i":{"x":0.833,"y":0.836},"o":{"x":0.167,"y":0.17},"t":201,"s":[415.231,354.877,0],"to":[-0.527,0.286,0],"ti":[0.474,-0.334,0]},{"i":{"x":0.833,"y":0.834},"o":{"x":0.167,"y":0.169},"t":202,"s":[413.72499999999997,355.801,0],"to":[-0.474,0.334,0],"ti":[0.415,-0.39,0]},{"i":{"x":0.833,"y":0.832},"o":{"x":0.167,"y":0.167},"t":203,"s":[412.388,356.883,0],"to":[-0.415,0.39,0],"ti":[0.351,-0.452,0]},{"i":{"x":0.833,"y":0.829},"o":{"x":0.167,"y":0.165},"t":204,"s":[411.237,358.142,0],"to":[-0.351,0.452,0],"ti":[0.283,-0.519,0]},{"i":{"x":0.833,"y":0.827},"o":{"x":0.167,"y":0.163},"t":205,"s":[410.28399999999993,359.596,0],"to":[-0.283,0.519,0],"ti":[0.215,-0.59,0]},{"i":{"x":0.833,"y":0.826},"o":{"x":0.167,"y":0.161},"t":206,"s":[409.53600000000006,361.258,0],"to":[-0.215,0.59,0],"ti":[0.147,-0.662,0]},{"i":{"x":0.833,"y":0.826},"o":{"x":0.167,"y":0.16},"t":207,"s":[408.996,363.135,0],"to":[-0.147,0.662,0],"ti":[0.081,-0.732,0]},{"i":{"x":0.833,"y":0.826},"o":{"x":0.167,"y":0.16},"t":208,"s":[408.657,365.228,0],"to":[-0.081,0.732,0],"ti":[0.021,-0.8,0]},{"i":{"x":0.833,"y":0.827},"o":{"x":0.167,"y":0.16},"t":209,"s":[408.509,367.53,0],"to":[-0.021,0.8,0],"ti":[-0.032,-0.861,0]},{"i":{"x":0.833,"y":0.829},"o":{"x":0.167,"y":0.161},"t":210,"s":[408.533,370.026,0],"to":[0.032,0.861,0],"ti":[-0.075,-0.912,0]},{"i":{"x":0.833,"y":0.83},"o":{"x":0.167,"y":0.162},"t":211,"s":[408.702,372.694,0],"to":[0.075,0.912,0],"ti":[-0.104,-0.951,0]},{"i":{"x":0.833,"y":0.832},"o":{"x":0.167,"y":0.164},"t":212,"s":[408.981,375.501,0],"to":[0.104,0.951,0],"ti":[-0.117,-0.973,0]},{"i":{"x":0.833,"y":0.834},"o":{"x":0.167,"y":0.166},"t":213,"s":[409.32599999999996,378.401,0],"to":[0.117,0.973,0],"ti":[-0.111,-0.975,0]},{"i":{"x":0.833,"y":0.837},"o":{"x":0.167,"y":0.168},"t":214,"s":[409.684,381.339,0],"to":[0.111,0.975,0],"ti":[-0.082,-0.951,0]},{"i":{"x":0.833,"y":0.84},"o":{"x":0.167,"y":0.17},"t":215,"s":[409.992,384.249,0],"to":[0.082,0.951,0],"ti":[-0.026,-0.899,0]},{"i":{"x":0.833,"y":0.838},"o":{"x":0.167,"y":0.173},"t":216,"s":[410.175,387.047,0],"to":[0.026,0.899,0],"ti":[-0.018,-0.841,0]},{"i":{"x":0.833,"y":0.834},"o":{"x":0.167,"y":0.171},"t":217,"s":[410.149,389.64,0],"to":[0.018,0.841,0],"ti":[-0.119,-0.805,0]},{"i":{"x":0.833,"y":0.833},"o":{"x":0.167,"y":0.167},"t":218,"s":[410.2799999999999,392.093,0],"to":[0.119,0.805,0],"ti":[-0.257,-0.772,0]},{"i":{"x":0.833,"y":0.834},"o":{"x":0.167,"y":0.167},"t":219,"s":[410.862,394.473,0],"to":[0.257,0.772,0],"ti":[-0.372,-0.72,0]},{"i":{"x":0.833,"y":0.835},"o":{"x":0.167,"y":0.167},"t":220,"s":[411.824,396.723,0],"to":[0.372,0.72,0],"ti":[-0.464,-0.653,0]},{"i":{"x":0.833,"y":0.836},"o":{"x":0.167,"y":0.168},"t":221,"s":[413.096,398.793,0],"to":[0.464,0.653,0],"ti":[-0.534,-0.572,0]},{"i":{"x":0.833,"y":0.837},"o":{"x":0.167,"y":0.169},"t":222,"s":[414.609,400.64000000000004,0],"to":[0.534,0.572,0],"ti":[-0.581,-0.479,0]},{"i":{"x":0.833,"y":0.838},"o":{"x":0.167,"y":0.171},"t":223,"s":[416.297,402.22300000000007,0],"to":[0.581,0.479,0],"ti":[-0.606,-0.376,0]},{"i":{"x":0.833,"y":0.839},"o":{"x":0.167,"y":0.172},"t":224,"s":[418.093,403.512,0],"to":[0.606,0.376,0],"ti":[-0.611,-0.265,0]},{"i":{"x":0.833,"y":0.84},"o":{"x":0.167,"y":0.173},"t":225,"s":[419.934,404.478,0],"to":[0.611,0.265,0],"ti":[-0.596,-0.149,0]},{"i":{"x":0.833,"y":0.84},"o":{"x":0.167,"y":0.174},"t":226,"s":[421.759,405.103,0],"to":[0.596,0.149,0],"ti":[-0.562,-0.028,0]},{"i":{"x":0.833,"y":0.839},"o":{"x":0.167,"y":0.174},"t":227,"s":[423.50900000000007,405.37,0],"to":[0.562,0.028,0],"ti":[-0.51,0.093,0]},{"i":{"x":0.833,"y":0.836},"o":{"x":0.167,"y":0.173},"t":228,"s":[425.129,405.273,0],"to":[0.51,-0.093,0],"ti":[-0.442,0.215,0]},{"i":{"x":0.833,"y":0.831},"o":{"x":0.167,"y":0.169},"t":229,"s":[426.569,404.809,0],"to":[0.442,-0.215,0],"ti":[-0.359,0.333,0]},{"i":{"x":0.833,"y":0.826},"o":{"x":0.167,"y":0.165},"t":230,"s":[427.78000000000003,403.985,0],"to":[0.359,-0.333,0],"ti":[-0.262,0.447,0]},{"i":{"x":0.833,"y":0.823},"o":{"x":0.167,"y":0.16},"t":231,"s":[428.72,402.811,0],"to":[0.262,-0.447,0],"ti":[-0.153,0.553,0]},{"i":{"x":0.833,"y":0.822},"o":{"x":0.167,"y":0.158},"t":232,"s":[429.34999999999997,401.30499999999995,0],"to":[0.153,-0.553,0],"ti":[-0.034,0.649,0]},{"i":{"x":0.833,"y":0.822},"o":{"x":0.167,"y":0.157},"t":233,"s":[429.63699999999994,399.494,0],"to":[0.034,-0.649,0],"ti":[0.094,0.734,0]},{"i":{"x":0.833,"y":0.823},"o":{"x":0.167,"y":0.157},"t":234,"s":[429.55199999999996,397.41,0],"to":[-0.094,-0.734,0],"ti":[0.227,0.804,0]},{"i":{"x":0.833,"y":0.824},"o":{"x":0.167,"y":0.158},"t":235,"s":[429.075,395.091,0],"to":[-0.227,-0.804,0],"ti":[0.365,0.858,0]},{"i":{"x":0.833,"y":0.826},"o":{"x":0.167,"y":0.159},"t":236,"s":[428.1890000000001,392.584,0],"to":[-0.365,-0.858,0],"ti":[0.505,0.893,0]},{"i":{"x":0.833,"y":0.827},"o":{"x":0.167,"y":0.16},"t":237,"s":[426.884,389.943,0],"to":[-0.505,-0.893,0],"ti":[0.645,0.906,0]},{"i":{"x":0.833,"y":0.828},"o":{"x":0.167,"y":0.161},"t":238,"s":[425.1580000000001,387.229,0],"to":[-0.645,-0.906,0],"ti":[0.781,0.894,0]},{"i":{"x":0.833,"y":0.829},"o":{"x":0.167,"y":0.162},"t":239,"s":[423.0160000000001,384.51,0],"to":[-0.781,-0.894,0],"ti":[0.912,0.857,0]},{"i":{"x":0.833,"y":0.83},"o":{"x":0.167,"y":0.163},"t":240,"s":[420.47100000000006,381.863,0],"to":[-0.912,-0.857,0],"ti":[1.035,0.79,0]},{"i":{"x":0.833,"y":0.831},"o":{"x":0.167,"y":0.164},"t":241,"s":[417.542,379.37,0],"to":[-1.035,-0.79,0],"ti":[1.147,0.691,0]},{"i":{"x":0.833,"y":0.832},"o":{"x":0.167,"y":0.165},"t":242,"s":[414.259,377.124,0],"to":[-1.147,-0.691,0],"ti":[1.245,0.558,0]},{"i":{"x":0.833,"y":0.832},"o":{"x":0.167,"y":0.165},"t":243,"s":[410.66,375.224,0],"to":[-1.245,-0.558,0],"ti":[1.326,0.388,0]},{"i":{"x":0.833,"y":0.832},"o":{"x":0.167,"y":0.166},"t":244,"s":[406.78999999999996,373.777,0],"to":[-1.326,-0.388,0],"ti":[1.386,0.177,0]},{"i":{"x":0.833,"y":0.831},"o":{"x":0.167,"y":0.165},"t":245,"s":[402.7060000000001,372.898,0],"to":[-1.386,-0.177,0],"ti":[1.422,-0.075,0]},{"i":{"x":0.833,"y":0.834},"o":{"x":0.167,"y":0.165},"t":246,"s":[398.474,372.712,0],"to":[-1.422,0.075,0],"ti":[1.415,-0.276,0]},{"i":{"x":0.833,"y":0.838},"o":{"x":0.167,"y":0.168},"t":247,"s":[394.171,373.346,0],"to":[-1.415,0.276,0],"ti":[1.35,-0.337,0]},{"i":{"x":0.833,"y":0.84},"o":{"x":0.167,"y":0.172},"t":248,"s":[389.987,374.366,0],"to":[-1.35,0.337,0],"ti":[1.251,-0.326,0]},{"i":{"x":0.833,"y":0.842},"o":{"x":0.167,"y":0.174},"t":249,"s":[386.069,375.369,0],"to":[-1.251,0.326,0],"ti":[1.132,-0.302,0]},{"i":{"x":0.833,"y":0.845},"o":{"x":0.167,"y":0.177},"t":250,"s":[382.481,376.32,0],"to":[-1.132,0.302,0],"ti":[0.995,-0.267,0]},{"i":{"x":0.833,"y":0.848},"o":{"x":0.167,"y":0.18},"t":251,"s":[379.278,377.183,0],"to":[-0.995,0.267,0],"ti":[0.841,-0.221,0]},{"i":{"x":0.833,"y":0.853},"o":{"x":0.167,"y":0.185},"t":252,"s":[376.512,377.923,0],"to":[-0.841,0.221,0],"ti":[0.673,-0.163,0]},{"i":{"x":0.833,"y":0.861},"o":{"x":0.167,"y":0.192},"t":253,"s":[374.231,378.506,0],"to":[-0.673,0.163,0],"ti":[0.493,-0.094,0]},{"i":{"x":0.833,"y":0.873},"o":{"x":0.167,"y":0.207},"t":254,"s":[372.473,378.899,0],"to":[-0.493,0.094,0],"ti":[0.303,-0.016,0]},{"i":{"x":0.833,"y":0.864},"o":{"x":0.167,"y":0.244},"t":255,"s":[371.273,379.072,0],"to":[-0.303,0.016,0],"ti":[0.105,0.071,0]},{"i":{"x":0.833,"y":0.729},"o":{"x":0.167,"y":0.216},"t":256,"s":[370.657,378.995,0],"to":[-0.105,-0.071,0],"ti":[-0.098,0.167,0]},{"i":{"x":0.833,"y":0.771},"o":{"x":0.167,"y":0.12},"t":257,"s":[370.643,378.644,0],"to":[0.098,-0.167,0],"ti":[-0.303,0.269,0]},{"i":{"x":0.833,"y":0.796},"o":{"x":0.167,"y":0.131},"t":258,"s":[371.244,377.994,0],"to":[0.303,-0.269,0],"ti":[-0.508,0.377,0]},{"i":{"x":0.833,"y":0.808},"o":{"x":0.167,"y":0.141},"t":259,"s":[372.463,377.029,0],"to":[0.508,-0.377,0],"ti":[-0.71,0.489,0]},{"i":{"x":0.833,"y":0.814},"o":{"x":0.167,"y":0.147},"t":260,"s":[374.293,375.733,0],"to":[0.71,-0.489,0],"ti":[-0.905,0.602,0]},{"i":{"x":0.833,"y":0.819},"o":{"x":0.167,"y":0.151},"t":261,"s":[376.721,374.097,0],"to":[0.905,-0.602,0],"ti":[-1.09,0.717,0]},{"i":{"x":0.833,"y":0.822},"o":{"x":0.167,"y":0.154},"t":262,"s":[379.722,372.118,0],"to":[1.09,-0.717,0],"ti":[-1.263,0.829,0]},{"i":{"x":0.833,"y":0.824},"o":{"x":0.167,"y":0.156},"t":263,"s":[383.262,369.798,0],"to":[1.263,-0.829,0],"ti":[-1.419,0.937,0]},{"i":{"x":0.833,"y":0.826},"o":{"x":0.167,"y":0.158},"t":264,"s":[387.298,367.144,0],"to":[1.419,-0.937,0],"ti":[-1.554,1.04,0]},{"i":{"x":0.833,"y":0.828},"o":{"x":0.167,"y":0.16},"t":265,"s":[391.774,364.173,0],"to":[1.554,-1.04,0],"ti":[-1.666,1.133,0]},{"i":{"x":0.833,"y":0.829},"o":{"x":0.167,"y":0.161},"t":266,"s":[396.624,360.906,0],"to":[1.666,-1.133,0],"ti":[-1.75,1.215,0]},{"i":{"x":0.833,"y":0.831},"o":{"x":0.167,"y":0.163},"t":267,"s":[401.77,357.375,0],"to":[1.75,-1.215,0],"ti":[-1.802,1.282,0]},{"i":{"x":0.833,"y":0.837},"o":{"x":0.167,"y":0.164},"t":268,"s":[407.123,353.618,0],"to":[1.802,-1.282,0],"ti":[-1.825,1.209,0]},{"i":{"x":0.833,"y":0.846},"o":{"x":0.167,"y":0.171},"t":269,"s":[412.581,349.683,0],"to":[1.825,-1.209,0],"ti":[-1.797,0.747,0]},{"i":{"x":0.833,"y":0.843},"o":{"x":0.167,"y":0.182},"t":270,"s":[418.076,346.366,0],"to":[1.797,-0.747,0],"ti":[-1.666,0.337,0]},{"i":{"x":0.833,"y":0.846},"o":{"x":0.167,"y":0.178},"t":271,"s":[423.3639999999999,345.202,0],"to":[1.666,-0.337,0],"ti":[-1.451,0.23,0]},{"i":{"x":0.833,"y":0.851},"o":{"x":0.167,"y":0.182},"t":272,"s":[428.07300000000004,344.347,0],"to":[1.451,-0.23,0],"ti":[-1.191,0.118,0]},{"i":{"x":0.833,"y":0.859},"o":{"x":0.167,"y":0.19},"t":273,"s":[432.0679999999999,343.821,0],"to":[1.191,-0.118,0],"ti":[-0.887,0.003,0]},{"i":{"x":0.833,"y":0.871},"o":{"x":0.167,"y":0.204},"t":274,"s":[435.2180000000001,343.637,0],"to":[0.887,-0.003,0],"ti":[-0.539,-0.114,0]},{"i":{"x":0.833,"y":0.853},"o":{"x":0.167,"y":0.234},"t":275,"s":[437.389,343.803,0],"to":[0.539,0.114,0],"ti":[-0.148,-0.23,0]},{"i":{"x":0.833,"y":0.799},"o":{"x":0.167,"y":0.193},"t":276,"s":[438.45,344.321,0],"to":[0.148,0.23,0],"ti":[0.169,-0.307,0]},{"i":{"x":0.833,"y":0.825},"o":{"x":0.167,"y":0.143},"t":277,"s":[438.279,345.184,0],"to":[-0.169,0.307,0],"ti":[0.322,-0.318,0]},{"i":{"x":0.833,"y":0.825},"o":{"x":0.167,"y":0.159},"t":278,"s":[437.434,346.162,0],"to":[-0.322,0.318,0],"ti":[0.399,-0.299,0]},{"i":{"x":0.833,"y":0.827},"o":{"x":0.167,"y":0.159},"t":279,"s":[436.345,347.091,0],"to":[-0.399,0.299,0],"ti":[0.468,-0.275,0]},{"i":{"x":0.833,"y":0.828},"o":{"x":0.167,"y":0.16},"t":280,"s":[435.038,347.954,0],"to":[-0.468,0.275,0],"ti":[0.526,-0.251,0]},{"i":{"x":0.833,"y":0.829},"o":{"x":0.167,"y":0.161},"t":281,"s":[433.53900000000004,348.744,0],"to":[-0.526,0.251,0],"ti":[0.575,-0.227,0]},{"i":{"x":0.833,"y":0.83},"o":{"x":0.167,"y":0.162},"t":282,"s":[431.879,349.458,0],"to":[-0.575,0.227,0],"ti":[0.613,-0.206,0]},{"i":{"x":0.833,"y":0.831},"o":{"x":0.167,"y":0.164},"t":283,"s":[430.089,350.103,0],"to":[-0.613,0.206,0],"ti":[0.639,-0.189,0]},{"i":{"x":0.833,"y":0.832},"o":{"x":0.167,"y":0.165},"t":284,"s":[428.203,350.691,0],"to":[-0.639,0.189,0],"ti":[0.655,-0.179,0]},{"i":{"x":0.833,"y":0.833},"o":{"x":0.167,"y":0.166},"t":285,"s":[426.253,351.238,0],"to":[-0.655,0.179,0],"ti":[0.659,-0.176,0]},{"i":{"x":0.833,"y":0.835},"o":{"x":0.167,"y":0.167},"t":286,"s":[424.27400000000006,351.764,0],"to":[-0.659,0.176,0],"ti":[0.652,-0.181,0]},{"i":{"x":0.833,"y":0.835},"o":{"x":0.167,"y":0.168},"t":287,"s":[422.30099999999993,352.292,0],"to":[-0.652,0.181,0],"ti":[0.634,-0.194,0]},{"i":{"x":0.833,"y":0.836},"o":{"x":0.167,"y":0.169},"t":288,"s":[420.36499999999995,352.848,0],"to":[-0.634,0.194,0],"ti":[0.606,-0.217,0]},{"i":{"x":0.833,"y":0.836},"o":{"x":0.167,"y":0.17},"t":289,"s":[418.49799999999993,353.459,0],"to":[-0.606,0.217,0],"ti":[0.568,-0.249,0]},{"i":{"x":0.833,"y":0.836},"o":{"x":0.167,"y":0.17},"t":290,"s":[416.73,354.152,0],"to":[-0.568,0.249,0],"ti":[0.522,-0.29,0]},{"i":{"x":0.833,"y":0.835},"o":{"x":0.167,"y":0.17},"t":291,"s":[415.08900000000006,354.954,0],"to":[-0.522,0.29,0],"ti":[0.469,-0.339,0]},{"i":{"x":0.833,"y":0.834},"o":{"x":0.167,"y":0.169},"t":292,"s":[413.5969999999999,355.892,0],"to":[-0.469,0.339,0],"ti":[0.409,-0.395,0]},{"i":{"x":0.833,"y":0.832},"o":{"x":0.167,"y":0.167},"t":293,"s":[412.27600000000007,356.988,0],"to":[-0.409,0.395,0],"ti":[0.345,-0.458,0]},{"i":{"x":0.833,"y":0.829},"o":{"x":0.167,"y":0.165},"t":294,"s":[411.143,358.264,0],"to":[-0.345,0.458,0],"ti":[0.277,-0.526,0]},{"i":{"x":0.833,"y":0.827},"o":{"x":0.167,"y":0.163},"t":295,"s":[410.20799999999997,359.737,0],"to":[-0.277,0.526,0],"ti":[0.209,-0.596,0]},{"i":{"x":0.833,"y":0.826},"o":{"x":0.167,"y":0.161},"t":296,"s":[409.479,361.418,0],"to":[-0.209,0.596,0],"ti":[0.141,-0.668,0]},{"i":{"x":0.833,"y":0.826},"o":{"x":0.167,"y":0.16},"t":297,"s":[408.957,363.314,0],"to":[-0.141,0.668,0],"ti":[0.075,-0.739,0]},{"i":{"x":0.833,"y":0.833},"o":{"x":0.167,"y":0.16},"t":298,"s":[408.636,365.426,0],"to":[-0.075,0.739,0],"ti":[0.022,-0.387,0]},{"t":299.00001217852,"s":[408.505,367.747,0]}],"ix":2},"a":{"a":0,"k":[400,400,0],"ix":1},"s":{"a":0,"k":[100,100,100],"ix":6}},"ao":0,"w":800,"h":800,"ip":0,"op":300.00001221925,"st":0,"bm":0}],"markers":[]}